{
  "logistic_regression": {
    "auc": 0.8419540675295151,
    "precision": 0.4966442953020134,
    "recall": 0.7914438502673797,
    "f1": 0.6103092783505155
  },
  "random_forest": {
    "auc": 0.8420289855072463,
    "precision": 0.5402298850574713,
    "recall": 0.7540106951871658,
    "f1": 0.6294642857142857
  },
  "selected_model": {
    "name": "random_forest",
    "auc": 0.8420289855072463
  }
}